ref,url,decision,date,dossier,chambre,issue_site,issue_auto,grounds,lakin,lk2,pub,wid,full,chars,start_found,end_formula
46019,https://www.jurisprudence.ma/decision/acte-sous-seing-prive-la-denegation-decriture-ou-de-signature-le-prive-de-toute-force-probante-cass-com-2019/,473/1,17/10/2019,2018/1/3/1119,Commerciale,Rejet,dismissal,2,1,1,1,1,3,6163,True,True
45923,https://www.jurisprudence.ma/decision/action-en-enrichissement-sans-cause-seules-les-presences-de-lenrichi-et-de-lappauvri-sont-requises-a-linstance-cass-com-2019/,227/3,17/04/2019,2018/3/3/473,Commerciale,Cassation,quashing,2,0,0,0,1,6,5108,True,True
22445,https://www.jurisprudence.ma/decision/action-en-extension-de-la-liquidation-judiciaire-distinction-entre-prescription-de-lobligation-et-prescription-de-laction-cour-de-cassation-2018/,479/1,25/10/2018,1549/3/12015,Commerciale,,,2,0,0,0,1,3,4178,False,False
17191,https://www.jurisprudence.ma/decision/action-en-perfection-de-la-vente-le-succes-de-laction-est-subordonne-au-paiement-ou-a-la-consignation-du-prix-par-lacquereur-cass-civ-2007/,1340,18/04/2007,3025/1/1/2004,Civile,Cassation,quashing,0,0,0,0,0,1,5104,True,True
45233,https://www.jurisprudence.ma/decision/action-en-responsabilite-le-caractere-continu-du-prejudice-autorise-une-nouvelle-demande-en-reparation-pour-la-periode-non-couverte-par-un-jugement-anterieur-cass-com-2020/,305/3,16/09/2020,2019/3/3/1953,Commerciale,,dismissal,4,2,2,2,3,4,7668,True,True
44798,https://www.jurisprudence.ma/decision/agence-de-voyage-la-responsabilite-pour-defaut-dinformation-sur-les-documents-de-voyage-est-ecartee-lorsque-le-contrat-se-limite-aux-prestations-dhebergement-cass-com-2020/,529/1,19/11/2020,2020/1/3/857,Commerciale,Rejet,dismissal,2,1,1,1,2,5,7679,True,True
33464,https://www.jurisprudence.ma/decision/annulation-dun-partage-successoral-pour-absence-dexamen-dune-revendication-de-propriete-par-un-tiers-cass-sps-2022/,176/1,22/03/2022,2018/1/2/89,Statut personnel et successoral,,quashing,2,0,0,0,1,3,5351,True,True
17224,https://www.jurisprudence.ma/decision/aveu-extrajudiciaire-le-temoignage-dune-personne-dans-un-acte-de-propriete-vaut-reconnaissance-irrevocable-de-son-absence-de-droit-sur-le-bien-cass-civ-2008/,342,30/01/2008,1406/1/3/2007,Civile,Cassation,quashing,1,0,0,0,1,2,4149,True,True
44889,https://www.jurisprudence.ma/decision/bail-commercial-et-dol-les-promesses-commerciales-non-contractualisees-nemportent-pas-la-nullite-du-contrat-cass-com-2020/,495/2,19/11/2020,2017/2/3/1213,Commerciale,Rejet,dismissal,1,1,1,1,2,5,7159,True,True
45718,https://www.jurisprudence.ma/decision/bail-commercial-preuve-lexistence-dun-contrat-dune-duree-superieure-a-un-an-ne-peut-etre-etablie-par-temoignage-cass-com-2019/,418/2,12/09/2019,2017/2/3/1532,Commerciale,Rejet,dismissal,1,3,2,3,4,6,4371,True,True
16768,https://www.jurisprudence.ma/decision/caracterisation-de-la-vente-en-maladie-de-la-mort-portee-de-lalteration-des-facultes-mentales-du-vendeur-combinee-a-un-prix-derisoire-cass-civ-2001/,539,07/02/2001,428/1/2/98,Civile,,dismissal,1,1,1,1,2,3,5175,True,True
18106,https://www.jurisprudence.ma/decision/ccass-13-01-2010-176/,176,13/01/2010,4605/1/3/2008,Civile,,dismissal,1,1,1,1,2,2,4159,True,True
20552,https://www.jurisprudence.ma/decision/ccass05-10-19994550/,4550,05/10/1999,375/98,Civile,,,0,0,0,0,0,0,158,False,False
15558,https://www.jurisprudence.ma/decision/ccass09-01-201682/,82,09/01/2016,2014/4/1/5249,Civile,,dismissal,2,1,1,1,1,3,5834,True,True
17021,https://www.jurisprudence.ma/decision/ccass09-05-2005402/,402,09/05/2005,3236/1/7/03,Civile,,dismissal,1,1,1,1,1,1,5014,True,True
20567,https://www.jurisprudence.ma/decision/ccass09-12-1999867-95/,5640,09/12/1999,867/95,Civile,,quashing,1,0,0,0,1,2,5290,True,True
15686,https://www.jurisprudence.ma/decision/ccass11-04-1990806/,806,11/04/1990,3770,Civile,,dismissal,0,1,1,1,3,5,4260,True,True
20651,https://www.jurisprudence.ma/decision/ccass11-11-19811261/,1261,11/11/1981,91311,Civile,,,1,0,0,0,1,3,3563,False,False
20312,https://www.jurisprudence.ma/decision/ccass13-01-1999274-1-1-99/,180,13/01/1999,274/1/1/99,Civile,,quashing,1,0,0,0,0,3,2142,True,True
15608,https://www.jurisprudence.ma/decision/ccass13-01-2010138/,138,13/01/2010,2391/1/5/2008,Civile,,dismissal,1,1,1,1,3,4,3508,True,True
17079,https://www.jurisprudence.ma/decision/ccass14-12-20053330/,3330,14/12/2005,3926/1/1/2004,Civile,Cassation,quashing,0,0,0,0,2,4,3221,True,True
17024,https://www.jurisprudence.ma/decision/ccass18-05-20051476/,1476,18/05/2005,602/1/2/2003,Civile,,quashing,1,0,0,0,2,3,5626,True,True
15740,https://www.jurisprudence.ma/decision/ccass24-06-19984319/,4319,24/06/1998,1943/95,Civile,,dismissal,6,8,5,8,17,23,31117,True,False
15914,https://www.jurisprudence.ma/decision/ccass27-12-20115731/,5731,27/12/2011,1615/1/7/2010,Civile,,quashing,1,0,0,0,1,4,3604,True,True
20709,https://www.jurisprudence.ma/decision/ccassrabat20-04-19922099-92/,2234,20/04/1992,2099/92,Civile,,quashing,0,0,0,0,2,4,4116,True,True
43975,https://www.jurisprudence.ma/decision/cession-dactifs-en-liquidation-judiciaire-laction-en-restitution-dun-bien-contre-le-cessionnaire-echappe-a-la-procedure-de-revendication-cass-com-2021/,82/1,11/02/2021,2020/1/3/1434,Commerciale,Cassation,quashing/dismissal,2,0,0,0,1,1,4519,True,True
45785,https://www.jurisprudence.ma/decision/charge-de-la-preuve-il-appartient-a-lauteur-dun-dommage-continu-judiciairement-constate-de-prouver-quil-y-a-mis-fin-cass-com-2019/,545/3,30/10/2019,2019/3/3/1585,Commerciale,Rejet,dismissal,1,1,1,1,1,2,4006,True,True
44480,https://www.jurisprudence.ma/decision/clause-de-reglement-amiable-une-mise-en-demeure-de-payer-suffit-a-en-satisfaire-lobjet-cass-com-2021/,729/1,28/10/2021,2021/1/3/795,Commerciale,Rejet,dismissal,4,2,2,2,4,4,7337,True,True
44420,https://www.jurisprudence.ma/decision/clause-penale-reduction-le-juge-qui-use-de-son-pouvoir-moderateur-doit-preciser-les-fondements-sur-lesquels-il-sappuie-pour-reduire-lindemnite-convenue-cass-com-2021/,471/1,01/07/2021,2020/3/3/556,Commerciale,Cassation,quashing,2,0,0,0,1,5,8510,True,True
45724,https://www.jurisprudence.ma/decision/clause-resolutoire-doit-etre-appliquee-la-clause-dun-protocole-daccord-prevoyant-son-aneantissement-en-cas-de-contestation-de-la-dette-sans-en-restreindre-le-benefice-a-lune-des-parties-cass-c/,411/1,05/09/2019,2019/1/3/111,Commerciale,Cassation,quashing,2,0,0,0,2,3,5090,True,True
46052,https://www.jurisprudence.ma/decision/clause-resolutoire-loffice-du-juge-se-limite-a-la-verification-de-ses-conditions-dapplication-cass-com-2019/,419/1,12/09/2019,2018/1/3/608,Commerciale,Rejet,dismissal,9,5,5,5,6,9,11201,True,True
45007,https://www.jurisprudence.ma/decision/compensation-la-dette-due-a-une-societe-ne-peut-seteindre-par-compensation-avec-une-creance-personnelle-sur-son-dirigeant-cass-com-2020/,436/3,11/11/2020,2019-3-3-252,Commerciale,Cassation,quashing,2,0,0,0,0,5,4781,True,True
33008,https://www.jurisprudence.ma/decision/conditions-de-recevabilite-des-recours-et-exigence-de-motivation-en-matiere-de-liquidation-judiciaire-cass-com-2024/,1/13,10/01/2024,2021/1/3/1465 et 2023/1/3/185,Commerciale,Cassation,,4,2,2,2,3,9,18416,True,True
15496,https://www.jurisprudence.ma/decision/constatation-de-lexistence-dune-creance-et-societe-en-liquidation-judiciaire-cour-de-cassation-2016/,459,24/11/2016,227/3/1/2014,Commerciale,,quashing,2,0,0,1,2,3,7635,True,True
22399,https://www.jurisprudence.ma/decision/construction-non-conforme-aux-plans-autorises-responsabilite-solidaire-du-maitre-doeuvre-et-du-constructeur-confirmee-par-la-cour-de-cassation-cour-de-cassation-2018/,397,26/06/2018,1966/1/3/2017,Civile,,dismissal,3,2,1,2,2,3,7147,True,True
34547,https://www.jurisprudence.ma/decision/contrat-de-courtage-immobilier-restitution-des-sommes-percues-a-defaut-de-realisation-de-la-vente-cass-com-2023/,52,19/01/2023,2020/2/3/1425,Commerciale,Rejet,dismissal,1,1,1,1,1,4,4755,True,True
32082,https://www.jurisprudence.ma/decision/contrat-de-courtage-la-liberte-de-la-preuve-en-matiere-commerciale-inclut-les-temoignages-et-preuves-electroniques-cour-de-cassation-2023/,613/1,29/11/2023,819/3/1/2023,Commerciale,,dismissal,6,3,3,3,3,5,15452,False,True
43739,https://www.jurisprudence.ma/decision/contrat-de-fourniture-lobligation-de-livraison-ne-peut-etre-jugee-independante-de-lobligation-de-paiement-c-cass-com-2022/,50/1,27/01/2022,2021/1/3/361,Commerciale,Cassation,quashing,2,0,0,0,2,5,4915,True,True
43753,https://www.jurisprudence.ma/decision/contrat-de-transport-de-fonds-le-transporteur-commet-une-faute-en-retenant-les-fonds-sur-instruction-dun-prepose-non-habilite-par-le-contrat-c-cass-com-2022/,91/2,03/02/2022,2019/2/3/1010,Commerciale,Rejet,dismissal,3,2,2,2,3,4,8584,True,True
44439,https://www.jurisprudence.ma/decision/contrat-portant-sur-une-activite-reglementee-le-point-de-depart-des-obligations-contractuelles-est-subordonne-a-lobtention-de-la-licence-administrative-cass-com-2021/,490/1,08/07/2021,2019/3/3/1887,Commerciale,Rejet,dismissal,4,3,2,3,11,14,16040,True,True
33280,https://www.jurisprudence.ma/decision/conversion-en-liquidation-judiciaire-et-insolvabilite-irremediable-conditions-et-criteres-dappreciation-cass-com-2022/,43/1,20/01/2022,2021/1/3/157,Commerciale,,dismissal,2,1,1,1,2,4,7687,True,True
44465,https://www.jurisprudence.ma/decision/courtage-immobilier-le-mandant-coproprietaire-est-tenu-au-paiement-de-la-commission-stipulee-sur-le-prix-de-vente-total-du-bien-cass-com-2021/,713/1,21/10/2021,2020/3/3/1088,Commerciale,Rejet,dismissal,2,1,1,1,2,2,5521,True,True
46063,https://www.jurisprudence.ma/decision/credit-bail-et-redressement-judiciaire-competence-du-juge-des-referes-pour-constater-la-resiliation-et-ordonner-la-restitution-du-bien-en-cas-de-non-paiement-des-loyers-echus-apres-le-jugement-douv/,512/1,21/11/2019,2019/1/3/1151,Commerciale,Rejet,dismissal,5,4,4,4,6,7,11682,True,True
46071,https://www.jurisprudence.ma/decision/credit-bail-et-redressement-judiciaire-la-resiliation-pour-non-paiement-des-loyers-posterieurs-au-jugement-douverture-releve-du-juge-des-referes-cass-com-2019/,514/1,21/11/2019,2019/1/3/1153,Commerciale,Rejet,dismissal,5,4,4,4,6,7,11699,True,True
45717,https://www.jurisprudence.ma/decision/declaration-de-creance-douaniere-le-delai-de-forclusion-court-a-compter-de-la-publication-du-jugement-douverture-cass-com-2019/,420/1,12/09/2019,2018/1/3/698,Commerciale,Rejet,dismissal,4,2,2,2,4,5,7615,True,True
45713,https://www.jurisprudence.ma/decision/dettes-successorales-la-condamnation-des-heritiers-nest-pas-subordonnee-a-la-preuve-de-lexistence-dun-actif-successoral-cass-com-2019/,423/1,12/09/2019,2018/1/3/1386,Commerciale,Rejet,dismissal,2,1,1,1,2,4,4647,False,True
16921,https://www.jurisprudence.ma/decision/divisibilite-de-laveu-la-reconnaissance-dun-encaissement-et-lallegation-du-paiement-constituent-deux-faits-distincts-cass-civ-2003/,3717,24/12/2003,3916/1/2/2002,Civile,Rejet,dismissal,0,2,2,2,3,4,4852,True,False
45915,https://www.jurisprudence.ma/decision/dommages-interets-lindemnite-allouee-doit-etre-motivee-et-peut-etre-assortie-dinterets-moratoires-cass-com-2019/,201/2,18/04/2019,2017/2/3/1901,Commerciale,Cassation,quashing,0,0,0,0,1,5,5270,True,True
31076,https://www.jurisprudence.ma/decision/effet-de-la-manifestation-des-heritiers-sur-la-poursuite-de-linstance-cour-de-cassation-2016/,3/444,26/10/2016,2015/3/3/1021,Commerciale,,quashing,1,0,0,0,1,3,4501,False,True
44893,https://www.jurisprudence.ma/decision/effets-de-commerce-escomptes-la-banque-qui-conserve-les-effets-impayes-pour-en-poursuivre-le-recouvrement-ne-peut-declarer-la-creance-correspondante-au-passif-du-remettant-en-liquidation-judiciaire/,492/1,12/11/2020,2019/1/3/1464,Commerciale,Rejet,dismissal,3,2,1,2,5,11,7924,True,True
45009,https://www.jurisprudence.ma/decision/entreprises-en-difficulte-la-demande-de-restitution-de-biens-objet-dun-contrat-de-credit-bail-doit-etre-examinee-au-regard-des-regles-applicables-aux-contrats-en-cours-cass-com-2020/,436/1,08/10/2020,2020/1/3/590,Commerciale,Cassation,quashing,1,0,0,0,0,3,4106,True,True
46043,https://www.jurisprudence.ma/decision/entreprises-en-difficulte-le-controleur-na-pas-qualite-pour-exercer-laction-en-nullite-des-actes-de-la-periode-suspecte-cass-com-2019/,438/1,26/09/2019,2018/1/3/1567 و 2018/1/3/1568,Commerciale,Cassation,quashing,1,1,1,1,1,5,10112,True,True
16817,https://www.jurisprudence.ma/decision/execution-du-contrat-validite-du-paiement-par-lettres-de-change-malgre-les-stipulations-de-lacte-notarie-cass-civ-2010/,3820,21/09/2010,2880/1/7/2009,Civile,,dismissal,2,2,2,2,2,4,5253,True,True
46111,https://www.jurisprudence.ma/decision/expertise-appreciation-des-rapports-contradictoires-le-juge-du-fond-peut-ecarter-une-expertise-dont-lauteur-nest-pas-specialise-dans-la-matiere-du-litige-cass-com-2020/,10/3,08/01/2020,2019/3/3/162,Commerciale,Rejet,dismissal,6,4,3,4,5,7,5245,True,True
34568,https://www.jurisprudence.ma/decision/exploitation-de-taxi-validation-de-la-resiliation-pour-arrieres-confirmes-par-expertise-cass-com-2023/,90,15/02/2023,2022/1/3/72,Commerciale,,dismissal,4,4,4,4,7,11,8741,True,True
43984,https://www.jurisprudence.ma/decision/extension-de-la-liquidation-judiciaire-au-dirigeant-ayant-utilise-les-actifs-sociaux-au-profit-dune-autre-societe-dans-laquelle-il-avait-un-interet-cass-com-2021/,74/1,11/02/2021,2020/1/3/1185,Commerciale,,dismissal,5,4,4,4,7,10,15546,True,True
43982,https://www.jurisprudence.ma/decision/extension-de-la-liquidation-judiciaire-la-confusion-de-patrimoines-caracterisee-par-des-flux-financiers-anormaux-entre-societes-ayant-un-dirigeant-commun-cass-com-2021/,75/1,11/02/2021,2020/1/3/1186,Commerciale,Rejet,dismissal,4,2,2,2,3,6,9359,True,True
43981,https://www.jurisprudence.ma/decision/extension-de-la-procedure-collective-la-continuation-par-le-cedant-du-paiement-des-dettes-de-la-societe-cedee-caracterise-une-confusion-des-patrimoines-justifiant-lextension-cass-com-2021/,76/1,11/02/2021,2020/1/3/1187,Commerciale,Rejet,dismissal,4,2,2,2,5,9,19133,True,True
17376,https://www.jurisprudence.ma/decision/fonds-de-garantie-et-auteur-inconnu-le-delai-de-declaration-court-a-compter-de-la-notification-du-classement-sans-suite-cass-civ-2009/,4380,02/12/2009,654/1/5/2008,Civile,Rejet,dismissal,1,3,3,3,4,4,2873,True,True
45746,https://www.jurisprudence.ma/decision/force-obligatoire-de-la-transaction-une-convention-non-resiliee-conserve-ses-effets-juridiques-malgre-linexecution-par-une-partie-cass-com-2019/,258/2,15/05/2019,2018/2/3/900,Commerciale,Cassation,quashing,0,1,1,1,8,16,10833,False,True
82680,https://www.jurisprudence.ma/decision/force-obligatoire-du-contrat-lengagement-ecrit-dun-notaire-de-restituer-des-fonds-en-cas-de-non-accomplissement-dune-formalite-engage-sa-responsabilite-contractuelle-et-doit-etre-execute/,810/2,08/11/2022,2019/2/1/6088,Civile,Cassation,quashing,1,0,0,0,2,3,4902,False,True
33130,https://www.jurisprudence.ma/decision/force-probante-des-releves-bancaires-et-role-fondamental-de-lexpertise-comptable-cass-com-2024/,1/273,15/05/2024,2022/1/3/613,Commerciale,,dismissal,4,2,2,2,3,7,7553,True,True
44416,https://www.jurisprudence.ma/decision/fourniture-delectricite-justification-de-lindemnisation-allouee-pour-coupure-abusive-par-la-constatation-des-prejudices-materiel-et-moral-cass-com-2021/,465/1,01/07/2021,2020/3/3/505,Commerciale,Rejet,dismissal,4,2,2,2,4,7,14020,True,True
45700,https://www.jurisprudence.ma/decision/garantie-des-vices-caches-la-garantie-conventionnelle-de-longue-duree-ecarte-les-brefs-delais-legaux-daction-cass-com-2019/,450/1,03/10/2019,2018/1/3/1221,Commerciale,Rejet,dismissal,3,2,2,2,4,5,7623,True,True
46023,https://www.jurisprudence.ma/decision/garantie-des-vices-caches-la-mauvaise-foi-du-vendeur-fabricant-fait-echec-a-lapplication-des-brefs-delais-de-laction-en-garantie-cass-com-2019/,467/1,17/10/2019,2018/1/3/616,Commerciale,Cassation,quashing,1,0,0,0,1,4,4307,True,True
46070,https://www.jurisprudence.ma/decision/garantie-des-vices-caches-lacheteur-doit-faire-constater-letat-de-la-chose-vendue-des-la-decouverte-du-vice-pour-en-prouver-lanteriorite-cass-com-2019/,260/3,08/05/2019,2017/3/3/1567,Commerciale,Rejet,dismissal,2,1,1,1,3,4,8877,True,True
45771,https://www.jurisprudence.ma/decision/impossibilite-dexecution-la-disparition-de-lobjet-du-contrat-justifie-sa-resolution-et-paralyse-lexception-dinexecution-cass-com-2019/,372/1,18/07/2019,2018/1/3/1185,Commerciale,Rejet,dismissal,1,1,1,1,3,3,5387,True,True
17056,https://www.jurisprudence.ma/decision/indemnisation-dun-accident-de-la-circulation-le-certificat-de-revenu-est-valable-meme-sil-concerne-lannee-de-laccident-et-est-delivre-apres-sa-survenance-cass-civ-2005/,2694,12/10/2005,773/1/5/2005,Civile,Cassation,quashing,1,0,0,0,1,1,3799,True,True
43744,https://www.jurisprudence.ma/decision/indemnisation-la-societe-chargee-du-paiement-nest-pas-responsable-de-lexclusion-dun-beneficiaire-par-lautorite-administrative-c-cass-com-2022/,31/2,13/01/2022,2019/3/3/2034,Commerciale,Rejet,dismissal,1,1,1,1,3,3,5720,True,True
45803,https://www.jurisprudence.ma/decision/indemnisation-pour-occupation-illegale-lautorite-de-la-chose-jugee-du-jugement-dexpulsion-etablit-la-faute-cass-com-2019/,614/3,04/12/2019,2019/3/3/593,Commerciale,Rejet,dismissal,2,2,2,2,2,5,6250,True,True
45263,https://www.jurisprudence.ma/decision/indemnite-doccupation-linclusion-de-la-taxe-de-proprete-dans-le-calcul-de-la-reparation-suppose-la-preuve-de-son-acquittement-par-le-proprietaire-cass-com-2020/,287/2,23/07/2020,2019/2/3/176,Commerciale,Cassation,quashing,1,1,1,1,5,12,11895,True,True
44851,https://www.jurisprudence.ma/decision/indivision-bail-laction-en-paiement-des-loyers-et-en-resiliation-du-bail-constitue-un-acte-dadministration-pouvant-etre-exerce-par-les-indivisaires-representant-les-trois-quarts/,521/2,26/11/2020,2018/2/3/1566,Commerciale,Rejet,dismissal,1,1,1,1,2,3,6305,True,True
43743,https://www.jurisprudence.ma/decision/interets-de-retard-contractuels-la-date-de-la-mise-en-demeure-retenue-a-defaut-de-preuve-de-la-reception-des-factures-c-cass-com-2022/,32/1,13/01/2022,2019/3/3/1971,Commerciale,Rejet,dismissal,7,4,4,4,9,23,14429,True,True
45393,https://www.jurisprudence.ma/decision/interets-moratoires-et-dommages-interets-leur-cumul-est-possible-car-ils-nindemnisent-pas-le-meme-prejudice-cass-com-2020/,323/3,30/09/2020,2019/3/3/1290,Commerciale,Cassation,quashing,1,0,0,0,2,6,8742,True,True
45848,https://www.jurisprudence.ma/decision/interets-moratoires-la-stipulation-ecrite-est-presumee-dans-les-transactions-entre-commercants-cass-com-2019/,313/3,29/05/2019,2019-3-3-51,Commerciale,Rejet,dismissal,1,1,1,1,1,3,2732,True,True
17255,https://www.jurisprudence.ma/decision/jugement-de-premiere-instance-lautorite-de-la-chose-jugee-lui-est-reconnue-tant-quil-na-pas-fait-lobjet-dun-recours-cass-civ-2008/,1068,19/03/2008,2070/1/1/2004,Civile,Cassation,quashing,0,0,0,0,2,5,2857,True,True
82678,https://www.jurisprudence.ma/decision/la-responsabilite-personnelle-du-notaire-est-engagee-du-fait-de-son-manquement-a-lengagement-de-restituer-les-fonds-en-cas-dechec-de-linscription-dune-hypotheque-cass-civ-2022/,809/2,08/11/2022,2019/2/1/6087,Civile,Rejet,dismissal,3,3,1,3,5,7,5728,True,True
44139,https://www.jurisprudence.ma/decision/lannulation-dun-bail-conclu-en-periode-suspecte-est-justifiee-par-le-prejudice-cause-aux-creanciers-cass-com-2021/,22/1,14/01/2021,2020/1/3/1178,Commerciale,Rejet,dismissal,4,2,2,2,3,6,6318,True,True
45329,https://www.jurisprudence.ma/decision/lexistence-dun-litige-sur-la-qualite-de-locataire-constitue-une-impossibilite-dagir-pour-le-bailleur-suspendant-la-prescription-de-sa-creance-de-loyers-cass-com-2020/,17/2,09/01/2020,2017/2/3/1540,Commerciale,Cassation,quashing,1,0,0,1,1,3,4684,True,True
32685,https://www.jurisprudence.ma/decision/lextension-de-la-procedure-de-liquidation-judiciaire-aux-dirigeants-sociaux-non-conformite-des-statuts-et-fautes-de-gestion-cass-com-2017/,398/1,14/09/2017,2016/1/3/947,Commerciale,,dismissal,2,2,2,2,2,6,6171,True,True
45001,https://www.jurisprudence.ma/decision/linexistence-de-lobjet-dun-contrat-de-vente-immobiliere-fait-obstacle-a-la-demande-dexecution-forcee-cass-com-2020/,438/3,11/11/2020,2019-3-3-1679,Commerciale,Rejet,dismissal,2,2,1,2,2,4,4351,True,True
32791,https://www.jurisprudence.ma/decision/liquidation-judiciaire-appreciation-souveraine-des-juges-en-matiere-de-fixation-des-honoraires-du-syndic-cass-com-2023/,1/219,19/04/2023,2022/1/3/503,Commerciale,,dismissal,1,1,1,1,1,2,7035,False,True
44823,https://www.jurisprudence.ma/decision/liquidation-judiciaire-le-droit-de-preference-prevu-a-larticle-623-du-code-de-commerce-ne-constitue-pas-un-droit-de-preemption-au-profit-des-coassocies-cass-com-2020/,587/1,10/12/2020,2018/1/3/33,Commerciale,Cassation,quashing,2,1,1,1,4,9,10510,True,True
33174,https://www.jurisprudence.ma/decision/liquidation-judiciaire-le-pouvoir-discretionnaire-du-juge-commissaire-dans-lautorisation-du-paiement-provisionnel-de-creances-privilegiees-admises-cass-com-2023/,267/1,10/05/2023,2022/1/3/93,Commerciale,,dismissal,2,1,1,1,2,6,5860,True,True
45295,https://www.jurisprudence.ma/decision/mandat-et-commission-lintermediaire-qui-agit-au-nom-et-pour-le-compte-du-mandant-nest-pas-un-commissionnaire-et-nengage-pas-sa-responsabilite-personnelle-envers-les-tiers-cass-com-2020/,36/1,23/01/2020,2018/1/3/1689,Commerciale,Rejet,dismissal,1,1,1,1,1,3,7274,True,True
34564,https://www.jurisprudence.ma/decision/modification-du-prix-contractuel-force-probante-des-factures-emises-sans-reserve-par-le-creancier-cass-com-2023/,55,25/01/2023,2021/1/3/1670,Commerciale,Rejet,dismissal,2,3,1,3,4,4,17380,True,True
21152,https://www.jurisprudence.ma/decision/nullite-retroactive-dune-vente-conclue-par-un-incapable-mental-obligation-dexaminer-letat-de-demence-independamment-du-jugement-de-curatelle/,472,19/02/1993,2212/88,Civile,Cassation,quashing,1,0,0,0,3,6,5585,True,True
45905,https://www.jurisprudence.ma/decision/occupation-sans-droit-ni-titre-la-bonne-foi-de-loccupant-qui-est-presumee-fait-echec-a-laction-en-responsabilite-du-proprietaire-cass-com-2019/,236/3,24/04/2019,2018/3/3/1320,Commerciale,Rejet,dismissal,1,1,1,1,2,3,5493,True,True
45965,https://www.jurisprudence.ma/decision/office-du-juge-de-renvoi-creancier-nanti-la-cassation-dune-decision-pour-defaut-de-motivation-quant-au-montant-de-la-creance-ne-consacre-pas-le-principe-de-lexclu/,159/1,28/03/2019,2017/1/3/858,Commerciale,Rejet,dismissal,1,1,1,1,1,4,7490,True,True
45335,https://www.jurisprudence.ma/decision/office-du-juge-de-renvoi-la-cassation-totale-pour-vice-de-procedure-impose-un-reexamen-de-lensemble-des-conditions-douverture-de-la-procedure-collective-cass-com-2020/,413/1,24/09/2020,2018/1/3/1302,Commerciale,Rejet,dismissal,4,2,2,3,8,8,12459,False,True
43941,https://www.jurisprudence.ma/decision/plan-de-cession-qualification-dun-versement-encourt-la-cassation-larret-qui-ne-repond-pas-aux-conclusions-du-creancier-soutenant-que-la-somme-versee-par-le-repreneur-constituai/,155/1,18/03/2021,2019/1/3/108,Commerciale,Cassation,quashing,2,0,0,0,1,4,5897,True,True
44541,https://www.jurisprudence.ma/decision/plan-de-continuation-la-caution-doit-expressement-se-prevaloir-des-dispositions-du-plan-pour-en-beneficier-cass-com-2021/,859/1,16/12/2021,2019/3/3/1020,Commerciale,Cassation,quashing,2,0,0,0,3,6,5903,True,True
44160,https://www.jurisprudence.ma/decision/plan-de-continuation-la-resolution-du-plan-est-obligatoire-en-cas-de-non-respect-des-engagements-dans-les-delais-impartis-cass-com-2021/,614/1,23/09/2021,2021/1/3/634,Commerciale,Rejet,dismissal,2,1,1,1,2,4,4880,True,True
45925,https://www.jurisprudence.ma/decision/prejudice-continu-la-persistance-dune-pollution-par-deversement-deaux-usees-justifie-une-nouvelle-action-en-reparation-nonobstant-lautorite-de-la-chose-jugee-des-condamnations-anterieures-cass/,223/3,17/04/2019,2018/3/3/858,Commerciale,Rejet,dismissal,4,2,2,2,3,5,10821,True,True
45786,https://www.jurisprudence.ma/decision/prejudice-continu-une-decision-anterieure-dindemnisation-ne-fait-pas-obstacle-a-une-nouvelle-action-pour-une-periode-de-dommage-posterieure-cass-com-2019/,547/3,30/10/2019,2019/3/3/1593,Commerciale,Rejet,dismissal,3,3,3,3,4,10,6369,True,True
34567,https://www.jurisprudence.ma/decision/prescription-commerciale-distinction-entre-laction-en-paiement-des-penalites-de-retard-et-celle-en-indemnisation-pour-inexecution-contractuelle-cass-com-2023/,98,22/02/2023,2021/1/3/1748,Commerciale,Cassation,quashing,4,3,2,3,8,11,8335,True,True
45219,https://www.jurisprudence.ma/decision/prescription-de-la-creance-de-loyers-la-cour-dappel-doit-motiver-sa-decision-en-analysant-les-actes-interruptifs-invoques-par-le-bailleur-cass-com-2020/,307/2,23/07/2020,2017/2/3/1720,Commerciale,Cassation,quashing,0,0,0,0,1,5,4502,True,True
32997,https://www.jurisprudence.ma/decision/prescription-de-laction-en-extension-de-liquidation-judiciaire-effet-sur-la-decheance-commerciale-sanction-personnelle-autonome-cass-com-2018/,452/1,11/10/2018,2015/1/3/836,Commerciale,,dismissal,2,1,1,1,3,5,11778,True,True
17188,https://www.jurisprudence.ma/decision/prescription-de-laction-en-indemnisation-un-certificat-medical-ne-peut-fixer-le-point-de-depart-du-delai-en-labsence-de-rapport-dexpertise-ou-de-procedure-de-reglement-amiable-cass-civ-2007/,1199,11/04/2007,130/1/5/06,Civile,Cassation,quashing/inadmissibility,1,0,0,0,3,5,3025,True,True
44749,https://www.jurisprudence.ma/decision/prescription-de-laction-en-paiement-des-loyers-leffet-interruptif-dune-action-en-justice-se-prolonge-jusqua-la-decision-dappel-qui-y-met-fin-cass-com-2021/,57/2,28/01/2021,2017/2/3/1490,Commerciale,Cassation,quashing,1,0,0,0,1,2,6058,True,True
45137,https://www.jurisprudence.ma/decision/preuve-de-la-vente-dun-bien-meuble-la-charge-de-la-preuve-incombe-a-lacquereur-en-cas-de-contestation-du-vendeur-cass-com-2020/,351/1,03/09/2020,2019/1/3/1497,Commerciale,Rejet,dismissal,2,1,1,1,3,4,6129,True,True
45209,https://www.jurisprudence.ma/decision/preuve-de-lexecution-dune-prestation-les-juges-du-fond-apprecient-souverainement-la-valeur-des-presomptions-et-ne-sont-pas-tenus-dordonner-une-mesure-dinstruction-complementaire-cass-com-2020/,245/3,29/07/2020,2019-3-3-1710,Commerciale,Rejet,dismissal,2,1,1,2,2,7,8495,True,True
44993,https://www.jurisprudence.ma/decision/preuve-de-lobligation-lordonnance-du-juge-commissaire-statuant-sur-une-declaration-de-creance-constitue-un-acte-authentique-cass-com-2020/,444/3,11/11/2020,2019/3/3/907,Commerciale,Rejet,dismissal,2,1,1,1,1,3,7225,True,True
46044,https://www.jurisprudence.ma/decision/preuve-de-propriete-linventaire-des-actifs-dune-societe-en-liquidation-ne-constitue-pas-un-mode-de-preuve-exclusif-cass-com-2019/,437/1,19/09/2019,2019/1/3/100,Commerciale,Rejet,dismissal,2,1,1,1,1,4,3540,True,True
46120,https://www.jurisprudence.ma/decision/preuve-du-contrat-de-bail-un-proces-verbal-de-police-judiciaire-ne-figure-pas-parmi-les-modes-de-preuve-legalement-admissibles-cass-com-2019/,514/2,24/10/2019,2017/2/3/1716,Commerciale,Cassation,quashing,0,0,0,0,2,3,2964,True,True
16845,https://www.jurisprudence.ma/decision/preuve-du-loyer-primaute-des-regles-specifiques-au-contrat-de-bail-sur-le-droit-commun-de-la-preuve-cass-civ-2002/,1147,02/04/2002,1828/1/3/01,Civile,Cassation,quashing,2,0,0,0,2,3,3703,True,True
45269,https://www.jurisprudence.ma/decision/preuve-en-matiere-civile-les-declarations-consignees-dans-un-proces-verbal-de-police-judiciaire-ne-valent-pas-aveu-cass-com-2020/,280/2,16/07/2020,2018/2/3/590,Commerciale,Cassation,quashing,2,0,0,0,5,8,6363,True,True
17326,https://www.jurisprudence.ma/decision/preuve-en-matiere-contractuelle-irrecevabilite-du-moyen-nouveau-relatif-a-lexigence-dun-ecrit-cass-civ-2009/,1533,29/04/2009,2784/1/2/2007,Civile,Rejet,dismissal,4,2,1,2,2,3,3197,True,True
44809,https://www.jurisprudence.ma/decision/preuve-par-aveu-indivisibilite-de-laveu-judiciaire-complexe-et-interdiction-pour-le-juge-de-le-scinder-cass-com-2020/,579/1,10/12/2020,2020/1/3/359,Commerciale,Cassation,quashing,2,0,0,0,0,3,4338,True,True
45765,https://www.jurisprudence.ma/decision/preuve-testimoniale-la-qualification-erronee-dun-temoignage-par-oui-dire-en-temoignage-par-observation-directe-equivaut-a-un-defaut-de-motivation-cass-com-2019/,389/2,18/07/2019,2017/2/3/1378,Commerciale,Cassation,quashing,2,0,0,0,2,4,4548,True,True
32759,https://www.jurisprudence.ma/decision/procedure-collective-cassation-dune-decision-de-verification-de-creance-pour-defaut-dexamen-exhaustif-des-garanties-hypothecaires-cass-com-2018/,383/1,26/07/2018,2016/1/3/1060,Commerciale,Cassation,quashing,1,0,0,0,0,2,3592,True,True
32708,https://www.jurisprudence.ma/decision/procedure-collective-erreurs-de-gestion-et-extension-de-la-liquidation-judiciaire-aux-dirigeants-malgre-la-cession-des-parts-sociales-cass-com-2018/,534,22/11/2018,2018/1/3/1375,Commerciale,,dismissal,2,1,1,1,2,4,5700,True,True
46039,https://www.jurisprudence.ma/decision/procedure-collective-lavertissement-personnel-du-credit-bailleur-par-le-syndic-est-subordonne-a-la-publication-du-contrat-au-registre-du-commerce-cass-com-2019/,442/1,26/09/2019,2019/1/3/942,Commerciale,Rejet,dismissal,2,1,1,1,2,3,5813,True,True
32570,https://www.jurisprudence.ma/decision/procedures-collectives-declaration-de-creance-unique-contre-des-codebiteurs-solidaires-cass-com-2017/,1/36,19/01/2017,2014/1/3/643,Commerciale,,quashing,3,2,2,2,3,8,7383,True,True
16792,https://www.jurisprudence.ma/decision/promesse-de-vente-le-refus-du-vendeur-de-conclure-lacte-definitif-dispense-lacheteur-de-proceder-aux-offres-reelles-de-paiement-cass-civ-2010/,272,20/01/2010,3174/1/5/2008,Civile,Cassation,quashing,1,0,0,0,1,3,3176,True,True
17193,https://www.jurisprudence.ma/decision/qualite-pour-agir-un-aveu-judiciaire-ne-peut-priver-le-demandeur-de-sa-qualite-pour-agir-lorsque-des-contrats-ecrits-etablissent-ses-droits-cass-civ-2007/,1369,18/04/2007,976/1/2/2003,Civile,Cassation,,1,1,0,1,2,3,5192,True,False
46072,https://www.jurisprudence.ma/decision/redressement-judiciaire-du-preneur-le-credit-bailleur-peut-obtenir-en-refere-la-resiliation-du-contrat-pour-non-paiement-des-echeances-posterieures-au-jugement-cass-com-2019/,513/1,21/11/2019,2019/1/3/1152,Commerciale,Rejet,dismissal,5,4,4,4,6,7,11665,True,True
32989,https://www.jurisprudence.ma/decision/redressement-judiciaire-la-liberte-de-la-preuve-commerciale-permet-ladmission-en-redressement-judiciaire-dune-creance-fondee-sur-des-factures-non-signees-cass-com-2023/,1/480,04/10/2023,2023/1/3/499,Commerciale,,dismissal,2,1,1,1,1,1,3840,True,True
45389,https://www.jurisprudence.ma/decision/redressement-judiciaire-la-verification-ne-porte-que-sur-les-loyers-de-credit-bail-echus-avant-le-jugement-douverture-cass-com-2020/,565/1,03/12/2020,2020/1/3/860,Commerciale,Rejet,dismissal,2,1,1,1,2,4,3713,True,True
45053,https://www.jurisprudence.ma/decision/redressement-judiciaire-le-juge-saisi-dune-action-en-paiement-ne-peut-que-constater-la-creance-sans-condamner-le-debiteur-en-procedure-collective-cass-com-2020/,390/3,21/10/2020,2018/3/3/1580,Commerciale,Cassation,quashing,1,1,0,1,1,1,8068,True,True
44943,https://www.jurisprudence.ma/decision/redressement-judiciaire-le-non-respect-dune-condition-de-depot-du-prix-de-cession-dactions-constitue-un-manquement-contractuel-et-non-une-cause-de-nullite-cass-com-2020/,466/1,22/10/2020,2019/1/3/526,Commerciale,Rejet,dismissal,2,1,1,1,4,6,7810,True,True
45155,https://www.jurisprudence.ma/decision/remise-de-dette-une-renonciation-generale-et-sans-reserve-a-ses-droits-par-le-creancier-emporte-extinction-de-lobligation-de-payer-les-interets-cass-com-2020/,342/3,07/10/2020,2018-3-3-1197,Commerciale,Cassation,quashing,2,0,0,0,0,1,4617,True,True
45105,https://www.jurisprudence.ma/decision/reparation-de-vehicule-et-delai-contractuel-le-juge-doit-motiver-sa-decision-ecartant-le-caractere-abusif-dune-clause-et-repondre-a-largumentation-fondee-sur-les-autres-stipulations-du-contrat-inv/,365/3,14/10/2020,2019/3/3/594,Commerciale,Cassation,quashing,2,0,0,0,0,4,7181,True,True
44551,https://www.jurisprudence.ma/decision/reparation-du-prejudice-la-persistance-du-dommage-autorise-des-demandes-dindemnisation-successives-cass-com-2021/,902/1,30/12/2021,2020/3/3/506,Commerciale,Cassation,quashing,2,0,0,0,1,3,7302,True,True
16738,https://www.jurisprudence.ma/decision/representation-du-mineur-delaisse-le-juge-charge-des-affaires-des-mineurs-a-qualite-pour-agir-en-justice-cass-civ-2000/,1604,19/04/2000,791/1/4/99,Civile,Cassation,quashing,1,0,0,0,0,0,5378,True,True
17367,https://www.jurisprudence.ma/decision/resolution-du-contrat-pour-inexecution-une-option-ouverte-au-creancier-meme-si-lexecution-forcee-demeure-possible-cass-civ-2009/,4115,16/11/2009,2744/1/5/2008,Civile,Cassation,quashing,1,1,0,1,2,4,3218,True,True
44544,https://www.jurisprudence.ma/decision/resolution-dun-plan-de-cession-pour-inexecution-le-juge-apprecie-souverainement-le-prejudice-resultant-de-la-deterioration-des-actifs-cass-com-2021/,863/1,23/12/2021,2018/1/3/1393 و 2019/1/3/962,Commerciale,Cassation,quashing/dismissal,14,10,10,10,17,23,43679,True,True
45147,https://www.jurisprudence.ma/decision/responsabilite-civile-et-prejudice-continu-une-nouvelle-demande-en-reparation-est-recevable-pour-chaque-nouvelle-periode-de-prejudice-nonobstant-une-condamnation-anterieure-et-lexistence-dune-ast/,345/3,07/10/2020,2019-3-3-1958,Commerciale,Rejet,dismissal,4,2,2,2,3,3,8379,True,True
45089,https://www.jurisprudence.ma/decision/responsabilite-civile-lexistence-dun-jugement-dindemnisation-ninterdit-pas-une-nouvelle-action-pour-un-prejudice-continu-posterieur-cass-com-2020/,373/3,14/10/2020,2020/3/3/117,Commerciale,Rejet,dismissal,4,2,2,2,2,2,7846,True,True
44947,https://www.jurisprudence.ma/decision/responsabilite-delictuelle-du-diffuseur-la-clause-dexoneration-stipulee-avec-le-producteur-est-inopposable-aux-tiers-cass-com-2020/,463/3,25/11/2020,2018/3/3/220,Commerciale,,dismissal,6,4,3,4,6,10,12653,True,True
46061,https://www.jurisprudence.ma/decision/responsabilite-du-delegataire-de-service-public-la-faute-dans-lentretien-du-reseau-dassainissement-fait-echec-a-lexoneration-pour-force-majeure-cass-com-2019/,267/3,08/05/2019,2017/3/3/147,Commerciale,Rejet,dismissal,6,6,5,6,16,19,20830,True,True
45027,https://www.jurisprudence.ma/decision/responsabilite-du-dirigeant-la-mention-au-registre-du-commerce-etablit-la-qualite-de-gerant-nonobstant-lexistence-dun-contrat-de-travail-cass-com-2020/,407/1,24/09/2020,2019/1/3/2012,Commerciale,Rejet,dismissal,2,1,1,2,2,4,4498,True,True
46101,https://www.jurisprudence.ma/decision/responsabilite-du-fait-des-choses-la-societe-de-distribution-deau-est-responsable-des-dommages-causes-par-la-rupture-de-ses-canalisations-en-sa-qualite-de-gardien-cass-com-2019/,530/3,23/10/2019,2018-3-3-70,Commerciale,Rejet,dismissal,3,2,2,2,4,4,5622,True,True
18660,https://www.jurisprudence.ma/decision/revision-du-loyer-les-criteres-de-la-valeur-locative-art-6-constituent-le-complement-interpretatif-des-changements-de-caracteristiques-art-5-cass-civ-2003/,588,27/02/2003,1829/1/6/2002,Civile,Cassation,quashing,1,0,0,0,0,1,5442,True,True
45047,https://www.jurisprudence.ma/decision/troubles-anormaux-de-voisinage-absence-de-responsabilite-de-lexploitant-pour-les-nuisances-causees-par-des-vehicules-appartenant-a-des-tiers-cass-com-2020/,394/1,17/09/2020,2019/1/3/1210,Commerciale,Rejet,dismissal,2,1,1,1,2,4,4620,True,True
44770,https://www.jurisprudence.ma/decision/vente-dun-vehicule-le-vendeur-est-tenu-de-remplacer-le-vehicule-affecte-de-vices-le-rendant-dangereux-et-de-reparer-le-prejudice-resultant-de-limpossibilite-de-son-utilisation-cass-com-2020/,545/3,30/12/2020,2019-3-3-1014,Commerciale,,dismissal,2,1,1,1,1,3,7879,True,True
16729,https://www.jurisprudence.ma/decision/vente-et-maladie-de-la-mort-la-capacite-attestee-par-mandat-notarie-fait-obstacle-a-laction-en-annulation-cass-civ-2000/,169,19/01/2000,256/1/2/97,Civile,,dismissal,0,2,1,2,2,3,6407,True,True
34965,https://www.jurisprudence.ma/decision/vente-immobiliere-la-garantie-des-vices-caches-est-regie-par-la-loi-sur-la-protection-du-consommateur-a-lexclusion-du-droit-commun-applicable-aux-meubles-cass-com-2023/,51,25/01/2023,2022/1/3/480,Commerciale,Rejet,dismissal,2,1,1,1,1,4,4600,True,True
17274,https://www.jurisprudence.ma/decision/vente-immobiliere-laccomplissement-par-le-vendeur-des-diligences-necessaires-au-transfert-de-propriete-constitue-un-prealable-a-lexecution-des-obligations-de-lacquereur-cass-civ-2008/,2141,04/06/2008,1201/1/5/2007,Civile,Cassation,quashing,0,0,0,0,2,6,5419,True,True
17005,https://www.jurisprudence.ma/decision/vente-immobiliere-largument-de-linalienabilite-dun-bien-du-domaine-prive-dune-entreprise-publique-constitue-un-moyen-nouveau-irrecevable-en-cassation-cass-civ-2005/,791,16/03/2005,2820/1/1/2004,Civile,Rejet,dismissal,4,4,2,4,4,5,6854,True,True
45395,https://www.jurisprudence.ma/decision/vente-obligation-de-delivrance-le-vendeur-peut-refuser-la-livraison-en-cas-de-non-paiement-du-prix-meme-si-le-paiement-devait-provenir-dun-pret-bancaire-annule-cass-com-2020/,538/1,26/11/2020,2019/1/3/1981,Commerciale,Rejet,dismissal,2,2,2,3,3,6,10354,True,True
16735,https://www.jurisprudence.ma/decision/vente-par-une-personne-agee-lage-avance-ne-suffit-pas-a-caracteriser-un-vice-du-consentement-ni-a-renverser-la-charge-de-la-preuve-cass-civ-2000/,1162,22/03/2000,1254/98,Civile,,dismissal,1,1,1,1,1,1,4398,True,True
16732,https://www.jurisprudence.ma/decision/ventes-successives-laction-du-premier-acquereur-doit-etre-dirigee-contre-le-vendeur-et-non-contre-le-second-acquereur-cass-civ-2000/,573,09/02/2000,1447/1/2/97,Civile,,dismissal,0,1,1,1,1,2,4110,True,True
45758,https://www.jurisprudence.ma/decision/verification-des-creances-le-controleur-na-pas-qualite-pour-faire-appel-des-ordonnances-du-juge-commissaire-cass-com-2019/,386/1,29/07/2019,2018/1/3/12,Commerciale,Rejet,dismissal,2,1,1,1,1,1,4327,True,True
