id,formula_found,labels,grounds,reply_published,reply_widened,reply_repaired,paragraphs,chars,headnote_outcome_word
5941.doc,True,dismissal,0,3,6,6,18,5096,False
5944.doc,True,dismissal,0,2,3,7,25,5089,False
5949.doc,True,dismissal/inadmissibility,1,1,3,4,15,2750,False
5951.doc,True,dismissal,2,1,1,2,15,4632,False
5954.doc,True,dismissal,3,3,4,5,19,3973,False
5957.doc,True,dismissal,4,2,4,6,16,5638,False
5960.doc,True,dismissal,1,1,1,1,13,4721,False
6532.doc,True,quashing,1,0,0,1,15,3101,False
6534.doc,True,dismissal/inadmissibility,3,3,3,4,27,4827,False
6537.doc,True,dismissal,1,1,2,4,15,2621,False
6539.doc,True,dismissal,1,1,1,2,13,1668,False
6541.doc,True,quashing,0,0,1,4,15,4994,True
6544.doc,True,quashing,1,0,1,5,14,2831,False
6546.doc,True,dismissal,2,2,3,6,17,2843,False
6548.doc,True,quashing,1,0,7,9,14,5303,False
6552.doc,True,dismissal,0,1,4,5,15,4338,False
6555.doc,True,quashing,2,0,3,5,17,4347,False
6558.doc,True,dismissal,1,0,1,4,16,6070,False
6561.doc,True,dismissal,4,3,3,4,20,4370,False
6564.doc,True,dismissal,1,2,3,6,18,6161,False
6871.doc,True,quashing,1,0,0,1,14,2914,False
6873.doc,True,dismissal,2,1,2,3,15,4210,False
6875.doc,True,quashing,2,1,1,2,17,3358,False
6877.doc,True,quashing,1,0,0,2,15,4810,True
6882.doc,True,dismissal,3,2,2,3,16,3163,False
6884.doc,True,dismissal,2,2,3,6,16,2980,False
6886.doc,True,,1,1,1,2,13,4518,False
6888.doc,True,dismissal,0,1,1,2,14,2376,False
6890.doc,True,quashing,1,0,0,0,14,2187,False
6892.doc,True,dismissal,1,1,1,2,16,2599,False
6894.doc,True,dismissal,0,3,6,6,18,5096,False
6897.doc,True,dismissal,0,2,5,6,22,4698,False
6900.doc,True,dismissal,2,3,5,7,23,6316,False
6903.doc,True,quashing,0,0,0,1,15,2938,False
6905.doc,True,dismissal,0,2,2,2,18,4923,False
6908.doc,True,dismissal,1,2,3,6,15,3838,False
6910.doc,True,quashing,0,1,3,5,19,3793,False
6913.doc,True,dismissal,1,1,1,2,15,4338,False
6916.doc,True,quashing,1,0,0,2,17,3695,True
6919.doc,True,dismissal,3,3,4,5,21,3874,False
6922.doc,True,dismissal,1,1,2,3,15,3264,False
6924.doc,True,dismissal,3,3,7,11,21,9180,False
6928.doc,True,dismissal,1,2,3,6,18,6113,False
6931.doc,True,dismissal,3,3,6,8,22,8078,False
6935.doc,True,dismissal,2,2,3,5,13,3833,False
6937.doc,True,quashing,1,0,1,4,17,3884,False
6940.doc,True,dismissal,1,5,9,11,25,6967,False
6944.doc,True,dismissal,3,3,8,9,30,7424,False
6948.doc,True,dismissal,0,1,2,3,15,2831,False
6950.doc,True,quashing,2,0,0,0,13,3999,False
6952.doc,True,quashing,1,0,5,7,15,6213,False
6957.doc,True,quashing,0,0,0,2,15,2327,False
6959.doc,True,dismissal,0,2,3,6,19,4447,False
6962.doc,True,quashing,1,0,1,1,16,2693,False
6964.doc,True,dismissal,2,1,3,4,15,3719,False
6966.doc,True,dismissal,2,1,1,3,14,2882,False
6968.doc,True,quashing,1,0,0,1,13,2145,False
6970.doc,True,dismissal,0,1,1,3,13,2746,False
6972.doc,True,quashing,1,0,2,4,16,3223,False
6974.doc,True,dismissal,4,2,2,4,18,5811,False
6977.doc,False,,0,2,3,4,16,4862,False
6979.doc,True,dismissal,0,0,1,1,2,751,False
6980.doc,True,dismissal,0,3,5,7,23,10432,False
6985.doc,True,quashing,1,0,2,4,13,4666,False
6988.doc,True,dismissal,0,1,1,2,16,3571,False
6990.doc,True,dismissal,2,1,1,3,15,4811,False
7027.doc,True,dismissal,2,1,1,2,14,4933,False
7037.doc,True,dismissal,1,1,2,3,13,4224,False
7042.doc,True,dismissal,4,4,8,16,29,11165,False
7049.doc,True,quashing,2,0,0,1,15,3161,False
7052.doc,True,dismissal,6,3,5,8,20,5013,True
7157.doc,True,quashing,1,0,0,2,12,3396,False
7159.doc,True,dismissal,4,4,8,16,27,11618,False
7164.doc,False,,1,0,1,4,17,3255,False
7166.doc,True,quashing,1,0,0,1,12,3291,False
7168.doc,True,dismissal,2,3,3,5,17,3694,True
7170.doc,True,quashing,1,0,1,1,13,4120,False
7173.doc,True,quashing,0,0,0,0,9,1370,False
7175.doc,True,dismissal,0,2,6,8,19,5374,False
7178.doc,True,dismissal,0,1,1,3,19,5419,False
7181.doc,True,dismissal,0,1,1,1,13,2038,False
7183.doc,True,dismissal,0,1,2,2,13,3155,False
7504.doc,True,dismissal,6,6,7,8,28,6718,False
7508.doc,True,quashing,0,0,1,1,13,2591,False
7510.doc,True,dismissal,0,1,4,5,17,6342,False
7515.doc,True,inadmissibility,0,0,0,0,11,1475,True
7517.doc,True,dismissal,0,1,2,4,13,3895,False
7519.doc,True,dismissal,1,1,2,3,12,3189,False
7521.doc,True,quashing,1,0,1,2,14,3432,False
7523.doc,True,dismissal,6,5,5,9,23,5213,False
7790.doc,True,inadmissibility,0,0,0,0,10,1301,True
7791.doc,True,quashing,1,0,0,4,13,2319,False
7793.doc,True,dismissal,0,1,4,8,13,10142,False
7797.doc,True,dismissal,2,1,4,5,15,5568,False
7800.doc,False,,2,0,0,1,12,2163,False
7803.doc,True,quashing,0,0,0,5,15,5117,True
7806.doc,True,quashing,1,0,1,2,13,3352,False
7808.doc,True,dismissal,1,2,3,4,16,4335,False
7811.doc,True,quashing,3,0,0,3,15,3076,False
7813.doc,True,dismissal,5,2,3,4,16,3829,False
7815.doc,True,quashing,1,0,3,6,13,5518,True
7954.doc,True,quashing,1,0,1,3,15,4831,False
7966.doc,True,quashing/inadmissibility,4,1,2,3,17,7713,False
7972.doc,True,quashing,2,0,0,1,15,7304,False
8066.doc,False,,1,0,1,1,12,1985,False
8069.doc,False,,0,0,1,2,12,2132,False
8071.doc,False,,0,1,1,1,11,2027,False
8074.doc,False,,0,0,0,0,10,2341,False
8077.doc,False,,1,1,1,1,17,1728,False
8082.doc,False,,0,0,0,0,13,2123,False
8086.doc,False,,0,0,0,0,12,2063,False
8089.doc,False,,0,0,0,0,13,2173,True
8091.doc,False,,1,0,0,0,13,1883,False
8094.doc,False,,0,1,1,1,13,2114,False
8097.doc,False,,1,1,1,1,13,2014,False
8226.doc,True,dismissal,2,1,4,6,14,3815,False
8323.doc,True,quashing,1,0,0,4,13,5181,False
8326.doc,True,dismissal,1,1,2,3,13,5321,False
8329.doc,True,quashing,0,0,0,3,15,7133,False
8333.doc,True,quashing,1,0,0,0,13,5380,False
8336.doc,True,dismissal,4,2,4,5,15,5313,False
8339.doc,True,dismissal,1,2,2,3,17,5333,False
8342.doc,True,quashing,2,0,0,1,13,3202,False
8344.doc,True,dismissal,4,2,3,4,17,8480,False
8348.doc,True,dismissal,6,3,5,8,18,6368,False
8351.doc,True,dismissal,0,1,2,4,11,2632,False
8353.doc,True,quashing,0,1,2,2,18,2770,False
8355.doc,True,inadmissibility,0,0,0,0,10,793,False
8356.doc,True,quashing,0,0,1,2,11,2188,False
8358.doc,True,quashing,0,0,1,3,14,2257,False
8360.doc,True,dismissal,0,2,6,10,22,7115,False
8364.doc,True,dismissal/inadmissibility,0,0,0,0,8,829,False
8366.doc,True,dismissal,0,3,3,5,19,4566,False
8369.doc,True,quashing,1,1,2,3,11,3091,False
8371.doc,True,dismissal,0,1,1,3,12,3215,False
8373.doc,True,quashing,0,0,1,3,13,4715,False
8376.doc,True,quashing,0,0,1,2,14,3414,False
8378.doc,True,dismissal,0,2,2,4,17,4737,False
8381.doc,True,quashing,0,0,1,3,11,2570,False
8383.doc,True,dismissal,0,4,6,8,15,4999,False
8386.doc,False,,0,0,0,0,10,2269,False
8387.doc,True,dismissal,0,2,3,5,6,4420,False
8389.doc,True,quashing,0,0,1,1,11,2548,False
8391.doc,True,dismissal,0,1,2,3,14,4144,False
8394.doc,True,dismissal,0,1,3,5,11,3710,False
8514.doc,True,quashing/dismissal/inadmissibility,0,0,1,1,8,1293,False
8638.doc,True,dismissal,5,3,3,3,25,6446,False
8642.doc,True,dismissal,4,2,4,5,20,5227,False
8645.doc,True,dismissal,1,3,3,5,20,4883,False
8648.doc,True,dismissal,2,1,1,2,13,2674,False
8650.doc,True,dismissal,6,3,3,7,20,4114,False
8653.doc,True,quashing,2,0,0,1,13,2847,False
8655.doc,True,dismissal,4,2,3,5,18,5904,True
8658.doc,True,dismissal,3,3,4,7,20,6937,False
8662.doc,True,dismissal,2,2,2,3,18,4537,False
8665.doc,True,dismissal/inadmissibility,0,0,1,1,9,1012,False
8669.doc,True,quashing,0,0,0,2,14,3445,False
8672.doc,True,dismissal,4,2,2,2,16,5471,False
8675.doc,True,dismissal,2,2,2,2,16,5847,False
8679.doc,True,dismissal,6,3,4,7,23,7938,False
8683.doc,True,,2,2,2,3,16,5068,False
8686.doc,True,dismissal,3,2,3,6,16,4315,False
8689.doc,True,quashing,0,0,0,2,14,2567,False
8691.doc,True,inadmissibility,0,0,0,0,12,1299,False
8693.doc,True,dismissal,1,1,2,2,13,3641,False
8695.doc,True,dismissal,4,3,3,7,16,7201,False
8699.doc,True,quashing,2,1,2,4,16,4926,False
8702.doc,True,dismissal,5,3,4,7,23,6947,False
8706.doc,True,dismissal,0,0,0,0,12,2322,True
8708.doc,True,quashing,2,0,0,3,13,3844,False
8710.doc,True,dismissal,2,2,2,3,17,4812,False
8713.doc,True,quashing,0,0,0,2,14,4108,False
8716.doc,True,dismissal,1,1,1,3,12,3206,False
8805.doc,True,dismissal,2,3,4,6,24,15391,False
8813.doc,True,quashing/dismissal/inadmissibility,1,0,2,4,13,3312,False
8825.doc,True,quashing,2,0,0,1,13,3010,False
8827.doc,True,dismissal,4,2,5,10,15,7142,False
8831.doc,True,quashing/dismissal/inadmissibility,2,2,4,8,15,3852,False
