file,manual_label,automatic_label,agree
8344.doc,dismissal,dismissal,True
8373.doc,quashing,quashing,True
8655.doc,dismissal,dismissal,True
6882.doc,dismissal,dismissal,True
8360.doc,dismissal,dismissal,True
8662.doc,dismissal,dismissal,True
6948.doc,dismissal,dismissal,True
8378.doc,dismissal,dismissal,True
7049.doc,quashing,quashing,True
6558.doc,dismissal,dismissal,True
8391.doc,dismissal,dismissal,True
7517.doc,dismissal,dismissal,True
6532.doc,quashing,quashing,True
6950.doc,quashing,quashing,True
8339.doc,dismissal,dismissal,True
6555.doc,quashing,quashing,True
6903.doc,quashing,quashing,True
6980.doc,dismissal,dismissal,True
8825.doc,quashing,quashing,True
6935.doc,dismissal,dismissal,True
8706.doc,dismissal,dismissal,True
5954.doc,dismissal,dismissal,True
7793.doc,dismissal,dismissal,True
6944.doc,dismissal,dismissal,True
7972.doc,quashing,quashing,True
6892.doc,dismissal,dismissal,True
7173.doc,quashing,quashing,True
8353.doc,quashing,quashing,True
6539.doc,dismissal,dismissal,True
6940.doc,dismissal,dismissal,True
